,RowNumber,CustomerId,Surname,CreditScore,Geography,Gender,Age,Tenure,Balance,NumOfProducts,HasCrCard,IsActiveMember,EstimatedSalary,Exited
5,6,15574012,Chu,645,Spain,Male,44,8,113755.78,2,1,0,149756.71,1
16,17,15737452,Romeo,653,Germany,Male,58,1,132602.88,1,1,0,5097.67,1
53,54,15702298,Parkhill,655,Germany,Male,41,8,125561.97,1,0,0,164040.94,1
54,55,15569590,Yoo,601,Germany,Male,42,1,98495.72,1,1,0,40014.76,1
70,71,15703793,Konovalova,738,Germany,Male,58,2,133745.44,4,1,0,28373.86,1
86,87,15762418,Gant,750,Spain,Male,22,3,121681.82,1,1,0,128643.35,1
109,110,15744689,T'ang,479,Germany,Male,35,9,92833.89,1,1,0,99449.86,1
114,115,15609618,Fanucci,721,Germany,Male,28,9,154475.54,2,0,1,101300.94,1
125,126,15627360,Fuller,432,France,Male,42,9,152603.45,1,1,0,110265.24,1
127,128,15782688,Piccio,625,Germany,Male,56,0,148507.24,1,1,0,46824.08,1
143,144,15713483,Greeves,793,Spain,Male,52,2,0.0,1,1,0,159123.82,1
155,156,15679145,Chou,706,Spain,Male,57,7,0.0,1,1,0,17941.16,1
164,165,15658929,Taverner,683,Spain,Male,29,0,133702.89,1,1,0,55582.54,1
172,173,15651022,Yost,480,Germany,Male,44,10,129608.57,1,1,0,5472.7,1
202,203,15600974,He,516,Spain,Male,50,5,0.0,1,0,1,146145.93,1
208,209,15684181,Hackett,643,France,Male,45,5,0.0,1,1,0,142513.5,1
215,216,15723488,Watson,668,Germany,Male,47,7,106854.21,1,0,1,157959.02,1
218,219,15659366,Shih,807,France,Male,43,1,105799.32,2,1,0,34888.04,1
219,220,15774854,Fuller,592,France,Male,54,8,0.0,1,1,1,28737.71,1
223,224,15733247,Stevenson,850,France,Male,33,10,0.0,1,1,0,4861.72,1
224,225,15568748,Poole,671,Germany,Male,45,6,99564.22,1,1,1,108872.45,1
228,229,15637753,O'Sullivan,751,Germany,Male,50,2,96888.39,1,1,0,77206.25,1
235,236,15772896,Dumetochukwu,763,Germany,Male,42,6,100160.75,1,1,0,33462.94,1
243,244,15596175,McIntosh,659,Germany,Male,67,6,117411.6,1,1,1,45071.09,1
249,250,15772423,Liao,739,Germany,Male,54,8,126418.14,1,1,0,134420.75,1
271,272,15619955,Bevington,733,Germany,Male,34,3,100337.96,3,1,0,48559.19,1
276,277,15694456,Toscani,756,France,Male,62,3,0.0,1,1,1,11199.04,1
279,280,15782210,K'ung,714,France,Male,46,1,0.0,1,1,0,152167.79,1
282,283,15643024,Huang,479,Germany,Male,35,4,138718.92,1,1,1,47251.79,1
306,307,15594898,Hewitt,731,France,Male,43,2,0.0,1,1,1,170034.95,1
308,309,15773972,Balashov,614,France,Male,50,4,137104.47,1,1,0,127166.49,1
316,317,15662736,Doyle,559,France,Male,49,2,147069.78,1,1,0,120540.83,1
322,323,15694408,Lung,749,France,Male,40,1,139290.41,1,1,0,182855.42,1
335,336,15697441,Hsueh,485,France,Male,29,7,182123.79,1,1,0,116828.51,1
357,358,15661629,Ricci,522,Spain,Male,34,9,126436.29,1,1,0,174248.52,1
376,377,15583456,Gardiner,745,Germany,Male,45,10,117231.63,3,1,1,122381.02,1
392,393,15573456,Cunningham,648,Spain,Male,46,9,127209.0,2,1,0,77405.95,1
393,394,15684548,Demidov,556,Spain,Male,38,8,0.0,2,0,0,417.41,1
422,423,15674551,Fitch,535,Germany,Male,40,7,111756.5,1,1,0,8128.32,1
429,430,15806467,Boyle,568,Germany,Male,40,1,99282.63,1,0,0,134600.94,1
430,431,15597602,Nwachinemelu,619,Germany,Male,57,3,137946.39,1,1,1,72467.99,1
444,445,15787470,Parkinson,553,Spain,Male,47,3,116528.15,1,0,0,145704.19,1
458,459,15707362,Yin,514,Germany,Male,43,1,95556.31,1,0,1,199273.98,1
471,472,15683625,Hare,703,France,Male,37,1,149762.08,1,1,0,20629.4,1
475,476,15591986,Johnston,621,Germany,Male,46,6,141078.37,1,0,0,34580.8,1
484,485,15676519,George,615,Spain,Male,61,9,0.0,2,1,0,150227.85,1
487,488,15613772,Dalrymple,542,France,Male,39,3,135096.77,1,1,1,14353.43,1
502,503,15714485,Udinese,774,France,Male,60,5,85891.55,1,1,0,74135.48,1
518,519,15775912,Mazzanti,698,France,Male,48,4,101238.24,2,0,1,177815.87,1
535,536,15776780,He,608,France,Male,59,1,0.0,1,1,0,70649.64,1
543,544,15705953,Kodilinyechukwu,721,Spain,Male,51,0,169312.13,1,1,0,109078.35,1
551,552,15657284,Day,674,Germany,Male,47,6,106901.94,1,1,1,2079.2,1
557,558,15634844,Miller,598,Germany,Male,41,3,91536.93,1,1,0,191468.78,1
571,572,15730076,Osborne,651,France,Male,45,1,0.0,1,1,0,67740.08,1
586,587,15722010,Zuyev,621,Spain,Male,53,9,170491.84,1,1,0,35588.07,1
603,604,15592387,Burke,566,France,Male,30,5,0.0,1,1,0,54926.51,1
634,635,15738181,Douglas,850,France,Male,31,6,67996.23,2,0,0,50129.87,1
640,641,15784844,K'ung,752,Spain,Male,48,5,116060.08,1,1,0,156618.38,1
653,654,15664610,Campbell,459,Germany,Male,48,4,133994.52,1,1,1,19287.06,1
677,678,15715142,Repina,739,Germany,Male,45,7,102703.62,1,0,1,147802.94,1
685,686,15600337,Dobie,661,Spain,Male,42,2,178820.91,1,0,0,29358.57,1
696,697,15727299,Edgar,445,Spain,Male,62,1,64119.38,1,1,1,76569.64,1
705,706,15580148,Welch,750,Germany,Male,40,5,168286.81,3,1,0,20451.99,1
733,734,15744607,Martin,738,Germany,Male,43,9,121152.05,2,1,0,64166.7,1
764,765,15672056,Kenenna,710,Germany,Male,43,2,140080.32,3,1,1,157908.19,1
767,768,15677921,Bobrov,720,Germany,Male,60,9,115920.62,2,0,0,157552.08,1
774,775,15789158,Nikitina,636,Germany,Male,49,6,113599.74,2,1,0,158887.09,1
777,778,15628936,Archer,692,Spain,Male,28,9,118945.09,1,0,0,16064.25,1
784,785,15571221,Bergamaschi,747,Germany,Male,58,7,116313.57,1,1,1,190696.35,1
813,814,15775306,Ni,421,Germany,Male,28,8,122384.22,3,1,1,89017.38,1
840,841,15707567,Esposito,732,Germany,Male,50,6,145338.76,1,0,0,91936.1,1
859,860,15809087,Landry,598,France,Male,64,1,0.0,2,1,0,195635.3,1
860,861,15807663,McGregor,667,France,Male,43,8,190227.46,1,1,0,97508.04,1
868,869,15646810,Quinn,603,Germany,Male,44,6,108122.39,2,1,0,108488.33,1
900,901,15642041,Burns,727,Germany,Male,40,1,93051.64,2,1,0,71865.31,1
904,905,15794580,Ch'en,599,France,Male,58,4,0.0,1,0,0,176407.15,1
916,917,15792328,James,475,France,Male,39,6,0.0,1,1,1,56999.9,1
921,922,15743411,Chiawuotu,609,Spain,Male,61,1,0.0,1,1,0,22447.85,1
922,923,15753337,Yeates,555,France,Male,51,5,0.0,3,1,0,189122.89,1
933,934,15737795,Scott,512,Spain,Male,36,1,0.0,1,0,1,135482.26,1
936,937,15613630,Tang,775,France,Male,52,8,109922.61,1,1,1,96823.32,1
963,964,15731815,Nepean,529,Spain,Male,63,4,96134.11,3,1,0,108732.96,1
987,988,15613749,Lees,569,Spain,Male,34,0,151839.26,1,1,0,102299.81,1
1005,1006,15701602,Ayers,521,Germany,Male,52,5,116497.31,3,0,0,53793.1,1
1008,1009,15569050,Farrell,444,France,Male,45,6,0.0,1,1,0,130009.85,1
1010,1011,15799811,Herrera,724,France,Male,40,10,0.0,1,1,0,127847.25,1
1020,1021,15654673,Onyinyechukwuka,625,France,Male,49,6,173434.9,1,1,0,165580.93,1
1049,1050,15705860,McKenzie,631,Germany,Male,40,3,107949.45,1,1,0,52449.62,1
1062,1063,15631189,Riggs,613,Germany,Male,38,9,67111.65,1,1,0,78566.64,1
1065,1066,15692744,Davison,512,France,Male,36,4,152169.12,2,0,0,38629.3,1
1068,1069,15680303,Gibson,594,France,Male,57,6,0.0,1,1,0,19376.56,1
1069,1070,15628674,Iadanza,844,France,Male,40,7,113348.14,1,1,0,31904.31,1
1082,1083,15663438,Andrejew,688,Spain,Male,36,0,89772.3,1,1,0,177383.68,1
1085,1086,15646513,Spyer,803,France,Male,42,5,0.0,1,1,0,196466.83,1
1086,1087,15708063,Walker,712,France,Male,36,2,100749.5,3,0,0,70758.37,1
1092,1093,15585198,Bergamaschi,715,France,Male,41,4,94267.9,1,0,1,152821.12,1
1095,1096,15689081,Wu,692,France,Male,29,4,0.0,1,1,0,76755.99,1
1111,1112,15798424,Glover,833,Germany,Male,59,1,130854.59,1,1,1,30722.52,1
1122,1123,15789955,Hu,698,Germany,Male,56,1,112414.81,2,0,0,93982.02,1
1123,1124,15596800,Hill,779,Germany,Male,33,1,158456.76,1,1,1,197000.92,1
1124,1125,15627305,Pan,606,Spain,Male,35,7,0.0,1,1,0,106837.06,1
1144,1145,15694821,Hardy,765,Germany,Male,43,4,148962.76,1,0,1,173878.87,1
1160,1161,15719348,Tsao,513,France,Male,35,8,0.0,1,1,0,76640.29,1
1161,1162,15781802,Abramov,755,France,Male,41,6,104817.41,1,1,0,126013.58,1
1171,1172,15640454,Parkhill,693,Germany,Male,40,0,120711.73,1,0,0,27345.18,1
1178,1179,15782454,Hancock,552,France,Male,49,4,0.0,1,1,1,190296.76,1
1189,1190,15791279,Murray,701,France,Male,40,5,169742.64,1,1,1,153537.55,1
1201,1202,15651052,McMasters,399,Germany,Male,46,2,127655.22,1,1,0,139994.68,1
1210,1211,15658969,Gray,711,France,Male,51,7,0.0,3,1,0,38409.79,1
1212,1213,15813590,Vance,610,Spain,Male,42,6,0.0,2,1,0,158302.59,1
1214,1215,15674148,Milanesi,579,Spain,Male,33,6,0.0,1,1,0,94993.04,1
1219,1220,15812272,Ugonna,693,Germany,Male,44,5,124601.58,2,1,1,46998.13,1
1232,1233,15607537,Crawford,587,Germany,Male,46,9,107850.82,1,1,0,139431.0,1
1260,1261,15743532,Ball,704,Germany,Male,27,5,147004.34,1,1,0,64381.33,1
1273,1274,15612064,Tsou,474,France,Male,33,5,0.0,2,1,0,181945.52,1
1276,1277,15690182,Kapustin,635,Germany,Male,37,5,113488.68,1,1,0,95611.74,1
1281,1282,15779182,Chia,790,Spain,Male,46,8,182364.53,1,0,0,139266.48,1
1289,1290,15688880,Amechi,672,Germany,Male,40,10,102980.44,1,1,0,1285.81,1
1305,1306,15800434,Burgess,811,Germany,Male,52,10,76915.4,1,0,0,146359.81,1
1312,1313,15596181,Kwemto,542,France,Male,38,8,65942.26,1,1,1,68093.23,1
1314,1315,15644833,Duncan,675,France,Male,54,2,0.0,1,1,0,149583.67,1
1317,1318,15720702,Shih,789,France,Male,37,3,0.0,1,1,0,121883.87,1
1323,1324,15629244,Bryant,635,Spain,Male,50,7,159453.64,2,0,0,54560.79,1
1340,1341,15645511,Chukwudi,727,Spain,Male,43,2,97403.18,1,1,1,107415.02,1
1352,1353,15596552,Stephens,535,Germany,Male,48,5,134542.73,1,1,1,58203.67,1
1354,1355,15683403,Lombardi,611,Spain,Male,52,7,0.0,1,0,1,73585.18,1
1365,1366,15689514,Kang,625,France,Male,43,8,201696.07,1,1,0,133020.9,1
1367,1368,15627232,Jibunoh,608,Germany,Male,44,7,114203.47,1,1,1,77830.36,1
1369,1370,15722902,Chizuoke,652,Germany,Male,50,8,125437.64,1,1,1,17160.94,1
1376,1377,15587233,Donoghue,457,France,Male,41,8,73700.12,3,1,1,185750.02,1
1438,1439,15574068,Norman,504,Germany,Male,56,9,104217.3,1,0,0,55857.48,1
1440,1441,15796334,Chukwualuka,558,Germany,Male,39,10,144757.02,1,1,0,22878.16,1
1447,1448,15697311,Nebechukwu,697,Spain,Male,56,5,110802.03,1,1,1,50230.31,1
1450,1451,15676242,Artemova,632,Spain,Male,31,3,136556.44,1,1,0,82152.83,1
1468,1469,15814846,Ozerova,691,France,Male,52,3,0.0,1,1,0,175843.68,1
1488,1489,15625824,Kornilova,596,Spain,Male,30,6,121345.88,4,1,0,41921.75,1
1492,1493,15744517,Esposito,735,Spain,Male,50,9,0.0,1,0,0,166677.35,1
1500,1501,15590146,Mao,630,France,Male,50,1,81947.76,1,0,1,63606.22,1
1503,1504,15762277,Jamieson,710,France,Male,47,5,158623.14,1,0,0,83499.89,1
1505,1506,15798975,Doherty,606,Germany,Male,48,4,132403.56,1,0,0,36091.91,1
1520,1521,15786800,Gould,723,Germany,Male,52,5,131694.97,1,0,1,92873.5,1
1549,1550,15584364,Trentini,652,France,Male,48,4,59486.31,1,1,0,163944.18,1
1557,1558,15706815,Samoylova,515,Germany,Male,37,2,90432.92,1,1,1,188366.04,1
1562,1563,15600991,Artemieva,694,Germany,Male,31,6,109052.59,2,1,1,19448.93,1
1567,1568,15683124,Evans,713,France,Male,53,6,115029.4,1,0,0,191521.32,1
1612,1613,15649121,Pinto,665,France,Male,52,3,0.0,1,1,0,116137.01,1
1621,1622,15777797,Kovalyova,689,Spain,Male,38,5,75075.14,1,1,1,8651.92,1
1629,1630,15595303,Johnston,736,Germany,Male,46,5,130812.91,1,1,1,77981.54,1
1630,1631,15634950,Obiajulu,657,Germany,Male,57,8,107174.58,1,1,1,126369.55,1
1631,1632,15685372,Azubuike,350,Spain,Male,54,1,152677.48,1,1,1,191973.49,1
1651,1652,15585067,Wilson,634,Spain,Male,31,9,108632.48,1,1,1,179485.96,1
1653,1654,15633233,McFarland,500,France,Male,56,1,100374.58,1,1,0,118490.8,1
1670,1671,15716994,Green,559,Spain,Male,24,3,114739.92,1,1,0,85891.02,1
1689,1690,15700854,Cunningham,595,Spain,Male,35,8,0.0,1,1,0,100015.79,1
1701,1702,15605279,Francis,792,France,Male,50,9,0.0,4,1,1,194700.81,1
1748,1749,15568963,Naquin,674,Germany,Male,34,2,152797.9,1,1,0,175709.4,1
1749,1750,15703820,Endrizzi,552,France,Male,42,9,133701.07,2,1,0,101069.71,1
1760,1761,15701121,Holt,521,France,Male,38,5,110641.18,1,0,1,136507.69,1
1786,1787,15603846,Fang,711,Spain,Male,37,2,0.0,2,1,0,83978.86,1
1787,1788,15753549,Dubinina,669,France,Male,25,1,157848.53,1,0,0,37543.93,1
1797,1798,15764170,Pinto,647,Germany,Male,44,4,93960.35,1,1,0,36579.53,1
1825,1826,15678727,Tan,770,Germany,Male,45,4,110765.68,1,1,0,26163.74,1
1829,1830,15605275,Ofodile,725,Germany,Male,45,8,116917.07,1,0,0,173464.43,1
1833,1834,15804394,Brenan,663,Germany,Male,32,8,130627.66,1,1,0,47161.25,1
1837,1838,15619343,Mahmood,561,France,Male,56,7,152759.0,2,1,0,133167.11,1
1838,1839,15758813,Campbell,350,Germany,Male,39,0,109733.2,2,0,0,123602.11,1
1845,1846,15589076,Henry,737,France,Male,36,9,0.0,1,0,1,188670.9,1
1862,1863,15726494,Romani,481,France,Male,44,9,175303.06,1,1,0,65500.53,1
1876,1877,15664754,Steele,640,Germany,Male,39,9,131607.28,4,0,1,6981.43,1
1877,1878,15643630,Quaife,770,Spain,Male,55,9,63127.41,2,1,0,185211.28,1
1916,1917,15812198,Chen,543,Germany,Male,48,1,100900.5,1,0,0,33310.72,1
1919,1920,15739858,Otitodilichukwu,618,France,Male,56,7,0.0,1,1,1,142400.27,1
1922,1923,15805637,Hsing,625,France,Male,36,9,108546.16,3,1,0,133807.77,1
1923,1924,15629575,Wheare,717,France,Male,36,2,148061.89,1,1,0,179128.69,1
1928,1929,15716609,L?,484,Germany,Male,54,3,134388.11,1,0,0,49954.79,1
1945,1946,15607347,Olisaemeka,734,France,Male,22,5,130056.23,1,0,0,121894.31,1
1951,1952,15589793,Onwuamaeze,604,France,Male,53,8,144453.75,1,1,0,190998.96,1
1956,1957,15605286,Moyes,565,France,Male,55,4,118803.35,2,1,1,128124.7,1
1957,1958,15674922,Beavers,710,France,Male,54,6,171137.62,1,1,1,167023.95,1
1977,1978,15585901,Johnson,717,Spain,Male,35,1,0.0,3,0,0,174770.14,1
1987,1988,15758606,Yamamoto,738,France,Male,54,4,0.0,1,0,1,55725.04,1
1993,1994,15787189,Tai,824,Germany,Male,60,8,134250.17,3,0,0,153046.16,1
1996,1997,15755678,Kovalyov,534,France,Male,62,2,0.0,2,0,0,42763.12,1
2009,2010,15732917,Li,729,Germany,Male,46,5,117837.43,1,1,0,104016.61,1
2038,2039,15710743,Onwuamaeze,621,France,Male,47,0,0.0,1,1,1,133831.37,1
2053,2054,15610686,Melton,850,France,Male,63,8,169832.57,1,0,0,184107.26,1
2056,2057,15577078,Zakharov,539,Spain,Male,38,6,0.0,1,1,1,152880.07,1
2074,2075,15805303,Olisanugo,661,Germany,Male,44,1,141136.62,1,1,0,189742.78,1
2076,2077,15780254,Gartrell,654,France,Male,40,6,0.0,1,0,0,183872.88,1
2078,2079,15815626,Oluchi,640,France,Male,63,2,68432.45,2,1,1,112503.24,1
2092,2093,15757408,Lo,655,Spain,Male,38,3,250898.09,3,0,1,81054.0,1
2124,2125,15603851,Galkin,704,France,Male,32,7,127785.17,4,0,0,184464.7,1
2135,2136,15704284,Ekechukwu,736,Germany,Male,57,9,95295.39,1,1,0,28434.44,1
2141,2142,15758372,Wallace,674,France,Male,18,7,0.0,2,1,1,55753.12,1
2149,2150,15648794,Giordano,836,Spain,Male,57,4,101247.06,1,1,0,37141.62,1
2151,2152,15588614,Walton,753,France,Male,57,7,0.0,1,1,0,159475.08,1
2153,2154,15694200,Gardner,693,France,Male,36,8,178111.82,1,0,0,58719.63,1
2154,2155,15721426,Milne,606,Germany,Male,65,10,126306.64,3,0,0,7861.68,1
2186,2187,15762169,Bergman,556,Germany,Male,37,9,145018.64,2,1,0,90928.02,1
2196,2197,15791700,Ugochukwutubelum,773,Germany,Male,47,2,118079.47,4,1,1,143007.49,1
2236,2237,15712849,Tung,632,Germany,Male,41,3,126550.7,1,0,0,177644.52,1
2241,2242,15633112,Madukaego,681,Germany,Male,42,3,118199.97,2,1,0,9452.88,1
2243,2244,15780038,Paterson,756,Spain,Male,38,6,119208.85,1,1,0,169763.89,1
2262,2263,15586264,Murray,572,France,Male,43,2,140431.98,1,1,0,26450.57,1
2285,2286,15783615,Ramos,630,Germany,Male,50,3,129370.91,4,1,1,47775.34,1
2289,2290,15789097,Keeley,644,France,Male,48,8,0.0,2,0,1,44965.54,1
2295,2296,15664543,Shaw,699,France,Male,40,7,0.0,1,0,1,152876.13,1
2296,2297,15582714,Napolitani,749,Germany,Male,47,9,110022.74,1,0,1,135655.29,1
2309,2310,15621210,Angelo,599,Germany,Male,46,9,123444.72,1,1,1,31368.08,1
2336,2337,15654390,He,640,France,Male,33,7,154575.76,1,1,0,25722.28,1
2340,2341,15595728,Thomas,523,Germany,Male,41,0,119276.31,1,0,0,122284.38,1
2346,2347,15706163,Enyinnaya,518,Germany,Male,46,4,113625.93,1,0,0,92727.42,1
2347,2348,15746708,Ritchie,589,Germany,Male,55,7,119961.48,1,1,0,65156.83,1
2351,2352,15678284,Pai,651,France,Male,35,7,74623.5,3,1,0,129451.29,1
2362,2363,15791053,Lucciano,709,Germany,Male,45,4,122917.71,1,1,1,11.58,1
2367,2368,15682600,Lo,620,Germany,Male,39,9,159492.79,1,1,0,80582.34,1
2388,2389,15778395,McIntyre,762,Germany,Male,34,4,88815.56,2,1,0,68562.26,1
2393,2394,15657342,Dawson,850,Germany,Male,28,4,147972.19,1,1,0,60708.72,1
2395,2396,15672374,Pai,672,France,Male,52,8,170008.84,1,0,0,56407.42,1
2404,2405,15809286,Burke,631,Germany,Male,37,8,138292.64,2,0,0,152422.91,1
2418,2419,15603914,Arcuri,614,France,Male,40,6,0.0,1,1,1,20339.79,1
2431,2432,15782247,Yeh,540,France,Male,22,4,0.0,3,1,1,186233.26,1
2432,2433,15769064,Marshall,537,Germany,Male,39,3,135309.36,1,1,0,31728.86,1
2455,2456,15727490,Scott,661,France,Male,47,5,0.0,1,0,1,107243.31,1
2459,2460,15756920,Genovesi,576,France,Male,63,9,70655.48,1,0,0,78955.8,1
2460,2461,15726403,Glenny,660,Germany,Male,41,1,129901.21,1,1,0,26025.6,1
2469,2470,15630617,Lo Duca,727,Germany,Male,36,6,140418.81,1,1,1,113033.73,1
2515,2516,15744327,Ruth,564,France,Male,40,4,0.0,1,1,0,85455.62,1
2520,2521,15751561,Meng,498,Germany,Male,61,7,102453.26,1,1,0,187247.56,1
2524,2525,15726490,Kirby,782,Spain,Male,52,4,0.0,1,1,1,52759.82,1
2535,2536,15578809,Hao,651,Germany,Male,40,1,134760.21,2,0,0,174434.06,1
2536,2537,15752026,Hammer,691,France,Male,58,3,0.0,1,0,1,194930.3,1
2542,2543,15791102,Mai,549,Germany,Male,41,9,95020.8,3,1,1,131710.59,1
2546,2547,15755178,Ramos,660,France,Male,50,1,0.0,3,1,1,191849.15,1
2548,2549,15617197,Chien,524,France,Male,50,4,0.0,2,1,1,31840.59,1
2553,2554,15732270,Hung,727,Spain,Male,71,8,0.0,1,1,1,198446.91,1
2575,2576,15592736,Lucchese,551,Germany,Male,54,5,102994.04,1,1,0,176680.16,1
2579,2580,15597896,Ozoemena,365,Germany,Male,30,0,127760.07,1,1,0,81537.85,1
2617,2618,15602735,Kuo,692,Germany,Male,45,6,152296.83,4,0,1,108040.86,1
2619,2620,15800062,Lanford,850,Spain,Male,49,8,0.0,1,0,0,25867.67,1
2628,2629,15775891,Myers,634,Germany,Male,48,2,107247.69,1,1,1,103712.05,1
2647,2648,15687162,Clayton,461,France,Male,51,9,119889.84,1,0,0,56767.67,1
2654,2655,15759874,Chamberlain,532,France,Male,44,3,148595.55,1,1,0,74838.64,1
2658,2659,15815490,Cocci,670,Germany,Male,40,2,164948.98,3,0,0,177028.0,1
2665,2666,15635660,Rossi,612,Germany,Male,30,9,142910.15,1,1,0,105890.55,1
2668,2669,15582325,Jennings,524,France,Male,52,2,87894.26,1,1,0,173899.42,1
2676,2677,15641994,Meng,667,Germany,Male,43,1,103018.45,1,1,0,32462.39,1
2689,2690,15636999,Mao,414,France,Male,38,8,0.0,1,0,1,77661.12,1
2703,2704,15627352,Bulgakov,459,Germany,Male,46,7,110356.42,1,1,0,4969.13,1
2738,2739,15662098,Palmer,650,Spain,Male,41,3,128808.65,3,0,0,113677.53,1
2743,2744,15658889,Watson,689,France,Male,22,4,136444.25,1,1,0,51980.25,1
2748,2749,15753332,Loftus,401,Germany,Male,48,8,128140.17,1,1,0,175753.55,1
2775,2776,15782468,Hart,850,Spain,Male,51,3,109799.55,2,1,1,12457.76,1
2785,2786,15771417,Thomas,640,France,Male,43,7,132412.38,1,0,0,69584.3,1
2787,2788,15700487,Osonduagwuike,805,France,Male,46,6,118022.06,3,1,0,162643.15,1
2789,2790,15747503,Hayward,705,Spain,Male,44,0,184552.12,1,1,0,68860.3,1
2794,2795,15597930,Wilson,646,France,Male,52,8,59669.43,1,0,0,172495.81,1
2802,2803,15723299,Sorokina,774,France,Male,53,4,113709.28,1,1,1,153887.93,1
2806,2807,15787529,Gray,592,Spain,Male,38,0,0.0,1,1,0,65986.48,1
2842,2843,15785782,Ugonna,513,Spain,Male,48,2,0.0,1,1,1,114709.13,1
2845,2846,15812513,Nnaife,599,Germany,Male,45,10,103583.05,1,1,0,132127.69,1
2847,2848,15678572,Keating,529,Spain,Male,38,7,99842.5,2,1,0,90256.06,1
2853,2854,15648489,Ting,487,France,Male,53,4,199689.49,1,1,1,24207.86,1
2868,2869,15707968,Akobundu,545,Spain,Male,36,8,73211.12,2,1,0,89587.34,1
2872,2873,15671591,Castiglione,439,Spain,Male,52,3,96196.24,4,1,0,198874.52,1
2898,2899,15624510,Tien,696,France,Male,52,6,139781.06,1,1,0,27445.4,1
2912,2913,15628972,Nebeolisa,699,Germany,Male,32,1,123906.22,3,1,1,127443.82,1
2916,2917,15704583,Chikwado,651,France,Male,56,2,0.0,1,1,0,114522.68,1
2917,2918,15621083,Douglas,698,France,Male,57,6,136325.48,2,1,1,72549.27,1
2934,2935,15690188,Maclean,631,France,Male,33,7,0.0,1,1,1,58043.02,1
2945,2946,15776348,Rogers,835,Germany,Male,20,4,124365.42,1,0,0,180197.74,1
2951,2952,15671655,Thorpe,763,Germany,Male,31,7,143966.3,2,1,1,140262.96,1
2962,2963,15605000,John,550,France,Male,38,9,140278.99,3,1,1,171457.06,1
2966,2967,15577178,Genovese,511,France,Male,45,5,68375.27,1,1,0,193160.25,1
2970,2971,15595228,Wanliss,815,France,Male,45,7,0.0,1,0,1,52885.23,1
2988,2989,15684801,Abbott,689,France,Male,47,1,93871.95,3,1,0,156878.42,1
3007,3008,15697997,Jamieson,602,France,Male,33,5,164704.38,1,0,1,180716.1,1
3010,3011,15619653,Hannaford,666,France,Male,47,2,0.0,1,1,0,35046.97,1
3035,3036,15687491,Nkemdilim,817,Germany,Male,45,9,101207.75,1,0,0,88211.12,1
3069,3070,15570932,Pirozzi,666,France,Male,43,7,137780.74,2,1,1,119100.05,1
3083,3084,15814816,Kambinachi,466,France,Male,40,4,91592.06,1,1,0,141210.18,1
3096,3097,15745083,Lei,613,Germany,Male,59,8,91415.76,1,0,0,27965.0,1
3124,3125,15795224,Wu,760,France,Male,39,6,178585.46,1,1,0,67131.3,1
3127,3128,15721007,Charlton,776,Germany,Male,33,8,115130.34,1,0,0,129525.5,1
3137,3138,15772073,Hodge,664,France,Male,48,10,0.0,1,1,0,140173.17,1
3138,3139,15701537,Ignatiev,756,France,Male,60,2,0.0,1,1,1,166513.49,1
3166,3167,15746203,Hsia,555,Germany,Male,62,4,119817.33,1,0,1,43507.1,1
3184,3185,15631070,Gerasimova,667,Germany,Male,55,9,154393.43,1,1,1,137674.96,1
3204,3205,15603942,Hawthorn,547,Germany,Male,50,3,81290.02,3,0,1,177747.03,1
3206,3207,15596761,Hawdon,515,Germany,Male,60,9,113715.36,1,1,0,18424.24,1
3212,3213,15747097,Hs?,611,France,Male,35,10,0.0,1,1,1,23598.23,1
3234,3235,15664907,Alexander,527,France,Male,47,1,0.0,1,1,0,21312.16,1
3238,3239,15588080,Giles,675,France,Male,54,6,0.0,1,1,0,110273.84,1
3240,3241,15717560,Martin,580,France,Male,50,0,125647.36,1,1,0,57541.08,1
3246,3247,15579212,Chuang,638,France,Male,57,6,0.0,1,1,0,33676.48,1
3250,3251,15587419,Shipton,611,France,Male,58,8,0.0,2,0,1,107665.68,1
3251,3252,15750335,Paterson,850,Germany,Male,43,0,108508.82,3,1,0,184044.8,1
3254,3255,15778368,Allan,552,Germany,Male,50,4,121175.56,1,1,0,117505.07,1
3262,3263,15654456,Napolitano,511,Germany,Male,48,6,149726.08,1,0,0,88307.87,1
3263,3264,15807525,Bailey,447,France,Male,43,2,0.0,2,1,0,33879.26,1
3268,3269,15611430,Abramowitz,690,France,Male,54,5,0.0,1,1,0,12847.61,1
3294,3295,15706071,Hunt,528,Germany,Male,39,0,127631.62,1,0,1,22197.8,1
3300,3301,15801904,Heard,677,Germany,Male,28,0,143988.0,2,1,0,8755.69,1
3316,3317,15758116,Rossi,666,France,Male,53,5,64646.7,1,1,0,128019.48,1
3317,3318,15575119,Hughes,779,France,Male,71,3,0.0,2,1,1,146895.36,1
3326,3327,15799626,Donaghy,637,Germany,Male,50,4,126345.55,1,0,1,17323.0,1
3337,3338,15647385,Ch'iu,579,Spain,Male,56,4,99340.83,1,0,0,4523.74,1
3367,3368,15648881,Tsai,581,Germany,Male,40,0,101016.53,1,0,1,7926.35,1
3385,3386,15765982,Chin,735,France,Male,41,7,74135.85,1,1,1,11783.1,1
3415,3416,15710689,Angel,578,Spain,Male,40,6,63609.92,1,0,0,74965.61,1
3447,3448,15612092,Palmer,646,Germany,Male,32,8,105397.8,1,1,0,78111.84,1
3452,3453,15722965,Yefimova,757,France,Male,57,3,89079.41,1,1,1,53179.21,1
3456,3457,15789974,Enemuo,713,France,Male,33,6,94598.48,1,0,0,197519.66,1
3457,3458,15713370,Hunter,657,Spain,Male,36,8,188241.05,2,0,0,183058.51,1
3463,3464,15791216,Mann,600,Germany,Male,43,8,133379.41,1,1,0,177378.66,1
3476,3477,15806956,Iqbal,746,Spain,Male,30,1,112666.67,1,0,0,11710.4,1
3485,3486,15728456,Martinez,604,France,Male,33,3,0.0,1,1,0,42171.13,1
3490,3491,15809137,Sagese,453,France,Male,29,6,0.0,1,0,0,198376.02,1
3502,3503,15660505,Romani,735,Germany,Male,46,2,106344.95,1,1,0,114371.33,1
3543,3544,15801218,Bermudez,675,France,Male,49,8,135133.39,1,0,1,179521.24,1
3553,3554,15626612,Yin,741,Spain,Male,40,4,104784.23,1,1,0,135163.76,1
3560,3561,15733777,Evans,817,France,Male,44,8,0.0,1,0,0,65501.91,1
3564,3565,15803121,Chia,847,France,Male,51,5,97565.74,1,0,0,144184.06,1
3570,3571,15706005,Roberts,674,France,Male,46,2,174701.05,1,1,0,90189.72,1
3583,3584,15773221,Harris,577,Spain,Male,43,8,79757.21,1,1,0,135650.72,1
3592,3593,15628886,Matlock,677,Spain,Male,56,5,123959.97,1,1,1,60590.72,1
3601,3602,15747208,Watt,608,France,Male,50,6,0.0,1,1,0,93568.77,1
3615,3616,15639357,Allan,415,France,Male,46,9,134950.19,3,0,0,178587.36,1
3645,3646,15607263,McCartney,788,France,Male,55,3,0.0,1,0,1,13288.46,1
3648,3649,15691703,Shih,545,France,Male,47,8,105792.49,1,0,1,67830.2,1
3663,3664,15602731,Wong,724,France,Male,31,5,0.0,1,1,0,134889.95,1
3703,3704,15768451,MacDonald,739,Germany,Male,40,5,149131.03,3,1,1,60036.99,1
3732,3733,15689598,Dean,722,France,Male,46,6,0.0,1,1,1,93917.68,1
3744,3745,15718507,Su,647,Germany,Male,37,3,116509.99,1,1,1,149517.71,1
3746,3747,15804709,Watt,688,Germany,Male,35,5,111578.18,1,0,0,166165.93,1
3758,3759,15582910,Turnbull,514,France,Male,38,4,112230.38,1,1,0,16717.11,1
3774,3775,15691785,Findlay,850,France,Male,61,1,0.0,1,1,0,53067.83,1
3780,3781,15685290,Wall,595,Germany,Male,46,5,142360.62,2,1,0,48421.4,1
3787,3788,15644174,Marchesi,638,Germany,Male,27,4,135096.05,1,1,1,186523.72,1
3793,3794,15584037,Denisov,727,Germany,Male,58,5,106913.43,1,1,0,25881.0,1
3803,3804,15651264,Yobanna,850,Germany,Male,51,4,124425.99,1,0,0,118545.49,1
3819,3820,15718289,Bradley,553,Germany,Male,46,3,82291.1,1,1,0,112549.99,1
3827,3828,15654733,Hsieh,794,Germany,Male,57,3,117056.46,1,1,0,93336.93,1
3838,3839,15778154,Kung,628,Germany,Male,50,4,122227.71,1,0,1,14217.77,1
3839,3840,15806230,Trevisano,629,Germany,Male,40,2,121647.54,2,1,1,64849.74,1
3840,3841,15662884,Naylor,739,Germany,Male,58,1,110597.76,1,0,1,160122.66,1
3843,3844,15677804,Aliyeva,783,Spain,Male,38,1,0.0,3,1,1,80178.54,1
3877,3878,15753847,Hawkins,645,Spain,Male,45,4,0.0,1,0,1,174916.85,1
3898,3899,15750156,Yu,662,Germany,Male,59,2,104568.41,1,1,0,8059.44,1
3913,3914,15732266,Field,553,Germany,Male,53,5,127997.83,1,1,0,165378.66,1
3921,3922,15743871,Nkemdirim,567,France,Male,59,3,0.0,2,1,0,25843.7,1
3935,3936,15648362,Kennedy,728,Germany,Male,45,3,108924.33,2,1,0,84300.4,1
3938,3939,15723717,Heath,483,Germany,Male,41,1,118334.44,1,0,0,163147.99,1
3940,3941,15659736,Herbert,716,Germany,Male,66,5,121411.9,1,0,0,10070.4,1
3941,3942,15603170,Kang,654,France,Male,32,9,121455.65,1,1,0,190068.53,1
3959,3960,15663164,Yudin,663,Germany,Male,49,7,116150.65,3,1,1,84358.71,1
3964,3965,15714981,Sabbatini,476,France,Male,37,4,0.0,1,1,1,55775.84,1
3969,3970,15743673,Wood,551,Spain,Male,27,2,113873.22,1,1,1,85129.77,1
3982,3983,15627665,Sung,614,France,Male,46,4,0.0,1,1,0,74379.57,1
4001,4002,15792064,Pai,545,Germany,Male,53,5,114421.55,1,1,0,180598.28,1
4017,4018,15678034,Grosse,811,France,Male,46,9,180226.24,1,1,0,13464.64,1
4026,4027,15606641,Beggs,762,Germany,Male,56,10,100260.88,3,1,1,77142.42,1
4033,4034,15569079,Hagins,632,Germany,Male,48,6,126066.26,1,1,0,64345.61,1
4036,4037,15640034,Milligan,551,France,Male,42,2,139561.46,1,1,0,43435.43,1
4062,4063,15800083,Macdonald,559,France,Male,45,8,24043.45,1,0,1,169781.45,1
4064,4065,15689886,Holden,626,Germany,Male,39,10,132287.92,3,1,1,51467.92,1
4104,4105,15676571,Bezrukova,850,France,Male,55,6,0.0,1,1,0,944.41,1
4114,4115,15647008,Adams,624,Germany,Male,54,3,116726.22,1,1,0,110498.1,1
4124,4125,15608406,Schmidt,678,France,Male,26,5,111128.04,1,1,0,60941.27,1
4127,4128,15625545,Hussey,712,Spain,Male,52,9,0.0,1,1,1,117977.45,1
4129,4130,15810829,Macfarlan,618,France,Male,48,7,0.0,1,1,0,13921.82,1
4136,4137,15757952,Teng,651,France,Male,44,2,0.0,3,1,0,102530.35,1
4151,4152,15569098,Winifred,627,France,Male,44,6,153548.12,1,0,0,35300.08,1
4175,4176,15693376,Baryshnikov,741,Spain,Male,43,0,0.0,2,1,1,2920.63,1
4182,4183,15577587,Reynolds,550,Germany,Male,52,5,121016.23,1,1,1,41730.37,1
4184,4185,15635141,Miller,598,Germany,Male,59,8,118210.42,2,0,0,60192.14,1
4198,4199,15565706,Akobundu,612,Spain,Male,35,1,0.0,1,1,1,83256.26,1
4209,4210,15729201,Harewood,682,France,Male,55,9,0.0,1,1,0,153356.8,1
4211,4212,15615207,Yeh,792,Spain,Male,47,0,0.0,1,1,1,5557.88,1
4217,4218,15583840,Okechukwu,587,Germany,Male,35,5,121863.61,1,1,1,23481.69,1
4222,4223,15627847,Woronoff,850,France,Male,40,6,0.0,1,1,0,136985.08,1
4224,4225,15735270,Ruggiero,767,Spain,Male,47,2,0.0,1,1,0,48161.18,1
4242,4243,15746553,Castles,526,Germany,Male,50,5,124233.24,1,0,1,159456.87,1
4260,4261,15664555,Hughes,587,France,Male,40,2,0.0,4,0,1,106174.7,1
4268,4269,15709941,Feng,753,France,Male,46,8,0.0,3,1,0,90747.94,1
4287,4288,15657529,Chin,714,Germany,Male,53,1,99141.86,1,1,1,72496.05,1
4297,4298,15778149,Connolly,538,Spain,Male,68,9,0.0,2,1,0,110440.5,1
4302,4303,15791867,Hicks,544,Germany,Male,44,2,108895.93,1,0,0,69228.2,1
4303,4304,15675380,Logan,573,Spain,Male,56,3,154669.77,1,0,1,115462.27,1
4316,4317,15720774,P'eng,850,Spain,Male,44,7,89118.26,1,1,0,104240.77,1
4332,4333,15771543,Tu,507,Germany,Male,31,2,134237.07,1,1,1,166423.66,1
4336,4337,15771742,Boyle,580,Germany,Male,38,9,115442.19,2,1,0,128481.5,1
4342,4343,15772412,Corser,554,Spain,Male,30,6,135370.12,1,1,1,179689.05,1
4343,4344,15654577,Alexeeva,549,Germany,Male,54,5,92877.33,1,1,0,2619.64,1
4345,4346,15584536,Barber,720,Germany,Male,46,3,97042.6,1,1,1,133516.51,1
4346,4347,15585853,McCardle,743,Spain,Male,41,7,0.0,1,1,0,163736.09,1
4347,4348,15645271,Radcliffe-Brown,615,Germany,Male,24,8,108528.07,2,0,0,179488.41,1
4349,4350,15623107,Chukwumaobim,686,Spain,Male,45,3,74274.87,3,1,0,64907.48,1
4367,4368,15675854,Douglas,573,Spain,Male,50,0,159304.07,1,0,1,155915.24,1
4380,4381,15812241,Udinese,438,Germany,Male,59,7,127197.14,1,1,0,51565.98,1
4409,4410,15781598,Middleton,756,Germany,Male,41,6,149049.92,1,0,1,50422.36,1
4411,4412,15740345,Osborne,657,Spain,Male,42,5,41473.33,1,1,0,112979.6,1
4429,4430,15686463,Fu,626,France,Male,38,7,141074.59,1,1,0,52795.56,1
4454,4455,15641312,Paterson,615,France,Male,36,6,0.0,1,1,1,27011.8,1
4469,4470,15692443,Piccio,612,Spain,Male,33,5,69478.57,1,1,0,8973.67,1
4502,4503,15632118,Pirozzi,698,Spain,Male,45,5,164450.94,1,1,0,141970.02,1
4512,4513,15751748,Trevisani,666,France,Male,51,2,148222.65,1,0,0,156953.54,1
4520,4521,15605826,Korovina,652,Germany,Male,46,10,121063.8,3,1,0,151481.86,1
4533,4534,15607275,Ch'ang,850,Spain,Male,39,6,206014.94,2,0,1,42774.84,1
4535,4536,15635034,Aldrich,727,Germany,Male,37,9,101191.83,1,1,1,34551.35,1
4547,4548,15672152,Grant,850,Germany,Male,37,9,122506.38,1,0,1,199693.84,1
4549,4550,15587611,Kauffmann,537,France,Male,59,9,0.0,2,0,0,103799.77,1
4579,4580,15711028,Nnachetam,534,France,Male,52,1,0.0,3,1,1,104035.41,1
4592,4593,15658475,Lori,834,France,Male,36,8,142882.49,1,1,0,89983.02,1
4595,4596,15782360,Rogers,743,Germany,Male,65,2,131935.51,1,1,1,96399.67,1
4607,4608,15734524,Wang,653,France,Male,51,3,0.0,1,1,0,170426.65,1
4608,4609,15614103,Colombo,850,Germany,Male,42,8,119839.69,1,0,1,51016.02,1
4624,4625,15710543,Okwuoma,629,France,Male,46,1,130666.2,1,1,1,161125.67,1
4629,4630,15687153,Graham,850,Germany,Male,49,8,98649.55,1,1,0,119174.88,1
4667,4668,15596870,Marino,749,Germany,Male,54,3,144768.94,1,1,0,93336.3,1
4669,4670,15751491,Hsiao,443,Germany,Male,50,3,117206.3,1,1,0,42840.18,1
4686,4687,15607314,Chiefo,536,Spain,Male,53,2,143923.96,1,1,0,2019.78,1
4689,4690,15737832,Robertson,771,Spain,Male,45,0,139825.56,1,0,0,170984.97,1
4697,4698,15680706,Balashov,537,Germany,Male,48,4,131834.8,1,1,0,166476.95,1
4699,4700,15748597,Chester,844,Spain,Male,56,5,99529.7,1,0,1,157230.06,1
4712,4713,15618774,White,474,France,Male,54,3,0.0,1,1,0,108409.17,1
4741,4742,15605020,Schofield,651,France,Male,45,2,165901.59,2,1,0,23054.51,1
4745,4746,15655410,Hinton,768,Germany,Male,49,1,133384.66,1,1,0,102397.22,1
4779,4780,15711843,Pisani,613,Germany,Male,40,1,147856.82,3,0,0,107961.11,1
4789,4790,15743828,Stevens,691,France,Male,41,2,0.0,1,1,1,56850.92,1
4799,4800,15656683,Johnson,551,France,Male,52,1,0.0,1,0,0,63584.55,1
4827,4828,15665053,Nixon,636,Spain,Male,52,4,111284.53,1,0,1,32936.44,1
4842,4843,15624820,Ross,683,Spain,Male,56,7,50911.21,3,0,0,97629.31,1
4850,4851,15593094,Goddard,516,France,Male,27,9,0.0,1,1,0,142680.64,1
4864,4865,15783225,Cocci,737,France,Male,54,9,0.0,1,1,0,83470.4,1
4869,4870,15781272,Coles,669,France,Male,50,4,149713.61,3,1,1,124872.42,1
4884,4885,15569274,Pisano,678,Germany,Male,49,2,116933.11,1,1,0,195053.58,1
4901,4902,15575935,Baxter,673,France,Male,59,0,178058.06,2,0,1,21063.71,1
4908,4909,15806256,Jackson,540,France,Male,48,2,109349.29,1,1,0,88703.04,1
4911,4912,15691004,Yu,407,Spain,Male,37,1,0.0,1,1,1,49161.12,1
4912,4913,15792228,Onwumelu,748,France,Male,60,0,152335.7,1,1,0,126743.33,1
4922,4923,15751203,Cattaneo,702,France,Male,26,5,56738.47,2,1,1,100442.22,1
4936,4937,15792986,T'ao,580,Germany,Male,24,1,133811.78,1,1,0,17185.95,1
4939,4940,15606273,Rene,616,France,Male,37,5,144235.73,2,0,0,154957.66,1
4941,4942,15715047,Joshua,640,Spain,Male,43,9,172478.15,1,1,0,191084.4,1
4967,4968,15743817,Hargreaves,621,Germany,Male,40,8,174126.75,3,1,0,172490.78,1
4980,4981,15740406,Padovesi,628,Germany,Male,38,10,113525.84,1,1,0,46044.48,1
4988,4989,15775067,Fang,606,France,Male,47,3,93578.68,2,0,1,137720.56,1
4997,4998,15613886,Trevisan,722,Spain,Male,43,1,0.0,1,1,0,44560.17,1
5002,5003,15737556,Vasilyev,590,France,Male,43,7,81076.8,2,1,1,182627.25,1
5010,5011,15719508,Davis,575,Germany,Male,49,7,121205.15,4,1,1,168080.53,1
5011,5012,15609011,Barry,480,Spain,Male,47,8,75408.33,1,1,0,25887.89,1
5025,5026,15780432,Shen,728,France,Male,37,3,122689.51,2,0,0,106977.53,1
5085,5086,15687372,Padovesi,547,Germany,Male,49,8,121537.71,2,1,0,46521.45,1
5087,5088,15624641,Kharlamova,740,Spain,Male,43,9,0.0,1,1,0,199290.68,1
5088,5089,15734610,Onio,543,France,Male,42,4,89838.71,3,1,0,85983.54,1
5105,5106,15718465,Sadler,671,Germany,Male,51,3,96891.46,1,1,0,176403.33,1
5114,5115,15721460,Lorenzo,678,France,Male,60,8,185648.56,1,0,0,192156.54,1
5125,5126,15656086,Bovee,542,Spain,Male,54,8,105770.14,1,0,1,140929.98,1
5139,5140,15703728,Chieloka,700,Spain,Male,47,4,0.0,1,1,0,121798.52,1
5143,5144,15670584,Nkemakolam,646,Spain,Male,31,2,0.0,1,1,1,170821.43,1
5167,5168,15587174,Kerr,726,France,Male,29,7,0.0,2,1,1,91844.14,1
5212,5213,15621611,Gibson,742,Germany,Male,55,5,155196.17,1,0,1,121207.66,1
5215,5216,15701280,Romano,576,France,Male,24,3,0.0,1,0,1,78498.04,1
5220,5221,15753174,Thompson,571,Germany,Male,37,9,139592.98,3,1,0,104152.65,1
5231,5232,15749519,Lin,822,France,Male,38,6,128289.7,3,1,0,9149.96,1
5249,5250,15804038,Quinn,740,France,Male,44,9,0.0,1,0,1,96528.0,1
5269,5270,15732281,Ugoji,680,Germany,Male,34,6,146422.22,1,1,0,67142.97,1
5271,5272,15567630,Bruce,721,Germany,Male,40,6,100275.88,1,1,0,138564.48,1
5272,5273,15587507,Feng,850,France,Male,47,6,0.0,1,1,0,187391.02,1
5278,5279,15799300,Kao,510,Germany,Male,31,0,113688.63,1,1,0,33099.41,1
5297,5298,15683416,Russo,572,Germany,Male,51,8,97750.07,3,1,1,193014.26,1
5310,5311,15624744,Tai,622,Germany,Male,42,9,115766.26,1,0,0,72155.85,1
5314,5315,15788068,Lopez,743,Germany,Male,45,10,144677.19,3,1,0,22512.44,1
5347,5348,15662426,Tang,649,Spain,Male,32,1,0.0,1,0,1,91167.19,1
5348,5349,15720511,Byrne,547,Germany,Male,41,3,151191.31,1,1,0,175295.89,1
5353,5354,15782181,Greco,592,Spain,Male,35,6,80285.16,1,1,0,72678.75,1
5356,5357,15655436,Kendall,839,Germany,Male,47,2,136911.07,1,1,1,168184.62,1
5359,5360,15801832,Lombardo,684,Germany,Male,42,1,117691.0,1,1,1,23135.65,1
5363,5364,15663410,Piccio,771,Spain,Male,51,5,135506.58,3,1,1,152479.64,1
5369,5370,15674541,Robinson,575,Spain,Male,52,8,123925.23,1,0,0,111342.66,1
5370,5371,15728564,Lo,682,France,Male,41,6,0.0,2,0,1,134158.09,1
5371,5372,15580701,Ma,712,France,Male,33,3,153819.58,1,1,0,79176.09,1
5386,5387,15668283,Gardiner,642,France,Male,48,9,118317.27,4,0,0,78702.98,1
5388,5389,15669664,Thompson,574,Germany,Male,54,1,99774.5,1,0,0,4896.11,1
5392,5393,15710012,Bowen,738,Spain,Male,44,2,0.0,2,1,0,43018.82,1
5398,5399,15648933,Reilly,831,Germany,Male,44,3,111100.98,1,1,1,28144.07,1
5424,5425,15566253,Manning,580,Germany,Male,44,9,143391.07,1,0,0,146891.07,1
5440,5441,15807269,Milanesi,690,Germany,Male,43,2,166522.78,1,0,0,119644.59,1
5476,5477,15723864,Lucas,828,Spain,Male,47,1,109876.82,2,1,0,83611.45,1
5484,5485,15595842,Paramor,748,Germany,Male,45,2,119852.01,1,0,0,73853.94,1
5514,5515,15773283,Dennis,641,France,Male,65,6,38340.02,1,1,0,32607.77,1
5519,5520,15785559,De Luca,678,France,Male,43,1,133237.21,1,1,0,111032.79,1
5540,5541,15605742,Tuan,737,France,Male,43,0,80090.93,1,1,0,39920.0,1
5547,5548,15713845,Merrett,688,France,Male,38,7,148045.68,1,1,0,175479.92,1
5558,5559,15645355,Macleod,677,Germany,Male,34,3,126729.41,1,1,1,26106.39,1
5559,5560,15729557,Olisaemeka,850,Germany,Male,36,5,119984.07,1,1,0,191535.11,1
5570,5571,15645847,P'eng,569,Germany,Male,35,2,109196.66,3,1,0,109393.19,1
5576,5577,15635964,Eve,566,Germany,Male,65,4,120100.41,1,1,0,107563.16,1
5593,5594,15597968,Fyans,617,Spain,Male,50,7,0.0,1,1,0,184839.7,1
5596,5597,15796957,Iadanza,597,Spain,Male,35,9,0.0,3,0,1,73181.39,1
5617,5618,15797329,Muir,626,France,Male,43,4,137638.69,1,1,0,130442.08,1
5632,5633,15591091,Goering,644,France,Male,44,5,73348.56,1,1,0,157166.79,1
5655,5656,15573171,Liao,695,Spain,Male,63,1,146202.93,1,1,1,126688.83,1
5658,5659,15814430,Ma,747,Spain,Male,41,9,0.0,1,1,0,32430.94,1
5664,5665,15661723,Abramovich,667,Spain,Male,71,4,137260.78,1,0,1,94433.08,1
5666,5667,15649616,Otutodilichukwu,636,Spain,Male,60,7,124447.73,1,1,1,141364.62,1
5668,5669,15720919,Duggan,667,France,Male,42,7,0.0,1,0,1,108348.94,1
5700,5701,15812888,Perreault,447,France,Male,41,3,0.0,4,1,1,197490.39,1
5712,5713,15572038,Chijindum,660,Germany,Male,35,9,113948.58,1,1,0,188891.96,1
5721,5722,15643671,Chiekwugo,696,Germany,Male,49,5,97036.22,2,1,0,152450.84,1
5727,5728,15704168,Ting,535,Germany,Male,38,8,127475.24,1,0,0,60775.76,1
5731,5732,15800746,Watson,674,France,Male,45,7,144889.18,1,1,1,102591.9,1
5742,5743,15632665,Yevseyev,832,France,Male,61,2,0.0,1,0,1,127804.66,1
5750,5751,15583392,Woronoff,747,Germany,Male,37,9,135776.36,3,1,0,85470.45,1
5779,5780,15723950,Kruglov,684,Spain,Male,40,2,70291.02,1,1,1,115468.84,1
5808,5809,15694556,Nkemakolam,684,France,Male,60,2,116563.58,1,1,0,120257.7,1
5824,5825,15698953,Hart,636,Spain,Male,36,1,0.0,3,1,1,74048.1,1
5834,5835,15799910,Martin,793,France,Male,32,2,0.0,2,1,0,193817.63,1
5838,5839,15570379,Whitelegge,669,Spain,Male,51,3,88827.53,1,0,0,85250.77,1
5853,5854,15765300,L?,596,Germany,Male,40,5,62389.03,3,1,0,148623.43,1
5855,5856,15608541,Claiborne,498,France,Male,46,1,91857.66,1,1,0,101954.78,1
5882,5883,15772650,Longo,732,France,Male,55,9,136576.02,1,0,1,3268.17,1
5904,5905,15664270,Balsillie,692,Germany,Male,45,6,142084.04,4,1,0,188305.85,1
5915,5916,15725665,Lo,679,France,Male,47,10,198546.1,2,1,0,191198.92,1
5933,5934,15594340,Tao,569,France,Male,41,4,120243.49,1,1,0,163150.03,1
5942,5943,15695339,Lucchesi,517,Germany,Male,53,0,109172.88,1,1,0,54676.1,1
5952,5953,15657535,Pearson,590,Spain,Male,29,10,0.0,1,1,1,51907.72,1
5960,5961,15728917,Gill,598,France,Male,48,6,120682.53,1,1,0,30635.52,1
5962,5963,15571193,Morrison,579,Germany,Male,42,0,144386.32,1,1,1,22497.1,1
5972,5973,15623499,Holman,548,Germany,Male,49,9,108437.89,1,0,0,127022.87,1
6014,6015,15747323,Vasilyeva,535,Spain,Male,48,9,109472.47,1,1,0,157358.43,1
6058,6059,15684868,Cameron,668,Germany,Male,56,9,110993.79,1,1,0,134396.64,1
6060,6061,15669253,Gibson,754,Spain,Male,39,7,157691.98,2,1,0,133600.89,1
6061,6062,15758023,Grigoryeva,544,Germany,Male,47,5,105245.21,1,0,0,99922.08,1
6081,6082,15813159,Hairston,526,France,Male,52,8,93590.47,1,0,1,21228.71,1
6083,6084,15603880,Morgan,519,Germany,Male,38,1,114141.64,1,1,1,60988.21,1
6085,6086,15596992,Norris,482,Germany,Male,45,7,156353.46,1,1,0,72643.95,1
6097,6098,15615050,Savage,575,Germany,Male,47,9,107915.94,2,1,1,63452.18,1
6099,6100,15743498,Winter,532,Germany,Male,52,9,137755.76,1,1,0,163191.99,1
6101,6102,15588695,Su,833,Spain,Male,32,6,0.0,1,1,1,44323.22,1
6104,6105,15750731,Trevisani,736,Germany,Male,50,9,116309.01,1,1,0,185360.4,1
6122,6123,15577313,Lionel,619,France,Male,44,3,116967.68,1,1,0,5075.17,1
6131,6132,15749401,Ko,686,France,Male,60,9,0.0,3,1,1,75246.21,1
6138,6139,15717984,Longo,477,France,Male,47,9,144900.58,1,1,0,61315.37,1
6150,6151,15625761,Maclean,632,Germany,Male,41,8,127205.32,4,1,0,93874.87,1
6172,6173,15656822,Day,568,Germany,Male,43,5,87612.64,4,1,1,107155.4,1
6177,6178,15813974,Maruff,731,Germany,Male,37,3,116880.53,1,0,0,172718.35,1
6184,6185,15664339,Yu,775,Spain,Male,48,4,178144.91,2,0,0,50168.41,1
6186,6187,15703037,Edwards,618,France,Male,37,5,0.0,1,0,1,178705.45,1
6226,6227,15792305,Mountgarrett,762,Germany,Male,46,6,123571.77,3,0,1,57014.17,1
6231,6232,15729238,Peng,631,Germany,Male,48,1,106396.48,1,1,1,150661.42,1
6246,6247,15771442,Pennington,633,France,Male,40,4,150578.0,1,0,1,34670.62,1
6255,6256,15589017,Chiu,547,Germany,Male,55,4,111362.76,3,1,0,16922.28,1
6256,6257,15611186,Yevdokimova,609,France,Male,37,1,39344.83,1,1,1,178291.89,1
6262,6263,15650026,Barclay-Harvey,513,France,Male,44,1,63562.02,2,0,1,52629.73,1
6267,6268,15689328,Harrison,705,Germany,Male,48,9,114169.16,1,0,0,173273.2,1
6271,6272,15620756,Stokes,747,France,Male,49,6,202904.64,1,1,1,17298.72,1
6273,6274,15576935,Ampt,743,Spain,Male,43,2,161807.18,2,0,1,93228.86,1
6274,6275,15661275,Wynn,532,Germany,Male,52,3,110791.97,1,1,0,148704.77,1
6284,6285,15623219,Smith,596,France,Male,33,8,0.0,1,1,0,121189.3,1
6289,6290,15773276,Townsend,633,Spain,Male,63,4,114552.6,1,1,0,73856.28,1
6308,6309,15766427,Shaw,565,Germany,Male,52,5,97720.35,2,1,0,175070.94,1
6315,6316,15687421,Highland,559,Spain,Male,67,9,125919.35,1,1,0,175910.95,1
6325,6326,15615797,Hyde,743,Germany,Male,59,5,108585.35,1,1,1,192127.22,1
6346,6347,15814468,Wei,551,Germany,Male,50,1,121399.98,1,0,1,84508.44,1
6368,6369,15693764,Mai,663,Spain,Male,52,0,136298.65,1,1,0,144593.3,1
6376,6377,15640686,Greco,700,France,Male,46,5,95872.86,1,1,0,98273.01,1
6377,6378,15588904,Balashova,692,France,Male,33,9,0.0,1,1,0,113505.93,1
6378,6379,15768763,Bogdanov,562,France,Male,37,2,0.0,1,0,1,52525.15,1
6380,6381,15642162,Ponce,603,Germany,Male,35,1,123407.69,1,1,0,152541.89,1
6388,6389,15582033,Manfrin,753,Germany,Male,44,3,138076.47,1,1,0,15523.09,1
6399,6400,15738501,Booth,601,Germany,Male,48,9,163630.76,1,0,1,41816.49,1
6403,6404,15736126,Sung,850,Germany,Male,55,0,98710.89,1,1,1,83617.17,1
6407,6408,15657829,Fanucci,806,Germany,Male,30,8,168078.83,1,1,0,85028.36,1
6424,6425,15782608,Huang,743,France,Male,43,5,0.0,2,0,0,113079.19,1
6439,6440,15583371,Artemiev,632,Spain,Male,37,1,138207.08,1,1,0,60778.11,1
6449,6450,15625706,White,693,Germany,Male,45,2,116546.59,2,0,0,23140.28,1
6466,6467,15763683,Northern,678,Germany,Male,32,4,139626.01,1,1,1,118235.52,1
6475,6476,15566030,Tu,497,Germany,Male,41,5,80542.81,1,0,0,88729.22,1
6479,6480,15704160,Wan,648,Spain,Male,49,5,0.0,1,1,0,149946.43,1
6497,6498,15793688,Bancks,669,France,Male,50,9,201009.64,1,1,0,158032.5,1
6505,6506,15761053,Lock,596,Germany,Male,48,2,131326.47,1,0,0,1140.02,1
6508,6509,15700801,Eipper,850,Germany,Male,42,6,84445.68,3,0,1,60021.34,1
6510,6511,15643916,Munro,619,Spain,Male,46,8,62400.48,1,1,1,132498.39,1
6538,6539,15604093,Neitenstein,546,France,Male,34,4,165363.31,2,1,1,25744.13,1
6553,6554,15607526,Lu,638,Germany,Male,50,1,102645.48,1,1,0,168359.98,1
6562,6563,15797475,Brennan,720,France,Male,44,3,86102.27,1,1,0,180134.88,1
6569,6570,15604706,Blake,581,Germany,Male,38,1,133105.47,1,1,0,105732.9,1
6571,6572,15747534,Torkelson,595,France,Male,46,10,0.0,1,1,0,73489.15,1
6596,6597,15654531,Tuan,477,France,Male,22,5,82559.42,2,0,0,163112.9,1
6599,6600,15739578,Chiazagomekpere,850,France,Male,49,6,128663.9,1,1,0,65769.3,1
6621,6622,15710365,Thomson,646,France,Male,50,0,104129.24,2,1,0,181794.86,1
6669,6670,15797900,Chinomso,517,France,Male,56,9,142147.32,1,0,0,39488.04,1
6702,6703,15792668,Hamilton,661,Germany,Male,37,7,109908.06,2,1,0,115037.67,1
6703,6704,15583863,Chimaobim,681,Germany,Male,49,8,142946.18,1,0,0,187280.51,1
6704,6705,15681878,Fan,436,Germany,Male,45,3,104339.11,2,1,1,183540.22,1
6726,6727,15633213,Rizzo,628,Spain,Male,50,8,0.0,1,0,0,144366.83,1
6779,6780,15587066,Kovaleva,535,France,Male,38,2,119272.29,1,0,0,195896.59,1
6782,6783,15657809,Lo,585,France,Male,55,10,106415.57,3,1,1,122960.98,1
6793,6794,15611669,Nyhan,623,Germany,Male,50,7,126608.37,1,0,1,645.61,1
6799,6800,15692575,Kerr,760,France,Male,38,6,162888.73,1,1,0,91098.76,1
6801,6802,15776947,Ugorji,637,Spain,Male,43,8,0.0,1,1,0,12156.93,1
6812,6813,15605059,Mackie,576,Germany,Male,63,3,148843.56,1,1,0,69414.13,1
6816,6817,15662243,Taylor,559,France,Male,50,5,162702.35,1,0,0,150548.5,1
6855,6856,15737814,Lo,622,France,Male,41,2,127087.06,1,1,0,102402.91,1
6860,6861,15785654,Ofodile,727,Germany,Male,45,6,114422.85,2,1,1,104678.78,1
6878,6879,15636592,Iroawuchi,651,France,Male,35,0,181821.96,2,0,1,36923.67,1
6890,6891,15673877,Murray,490,France,Male,39,1,0.0,3,1,0,171060.01,1
6895,6896,15694765,Sabbatini,610,Germany,Male,49,6,113882.33,1,1,0,195813.81,1
6899,6900,15700263,Ifeatu,569,France,Male,66,2,0.0,1,1,0,130784.2,1
6912,6913,15679884,Hs?eh,544,France,Male,48,10,78314.63,3,1,1,103713.93,1
6929,6930,15651627,White,628,Germany,Male,39,1,115341.19,1,1,1,107674.3,1
6951,6952,15738889,Shih,658,France,Male,42,8,102870.93,1,0,1,103764.55,1
6972,6973,15706232,Niu,595,France,Male,52,9,0.0,1,1,1,106340.66,1
6981,6982,15770039,Kuo,572,Germany,Male,39,4,112290.22,1,1,0,49373.97,1
6984,6985,15622631,H?,588,France,Male,44,8,154409.74,1,1,0,49324.03,1
6991,6992,15752801,Bradshaw,518,Germany,Male,29,9,125961.74,2,1,0,160303.08,1
6999,7000,15776156,Dolgorukova,521,France,Male,27,4,121325.84,1,1,1,164223.7,1
7017,7018,15767729,Smith,646,Spain,Male,25,5,182876.88,2,1,1,42537.59,1
7018,7019,15768600,Harris,805,Germany,Male,50,9,130023.38,1,1,0,62989.82,1
7022,7023,15796813,Storey,493,France,Male,54,3,167831.88,2,1,0,150159.95,1
7031,7032,15580914,Okechukwu,478,Spain,Male,48,0,83287.05,2,0,1,44147.95,1
7034,7035,15767264,Lawson,465,Germany,Male,53,1,117438.17,1,0,0,74898.8,1
7037,7038,15789611,Lin,568,Germany,Male,46,8,150836.92,1,0,0,64516.8,1
7053,7054,15815271,Ritchie,755,Germany,Male,43,6,165048.5,3,1,0,16929.41,1
7084,7085,15571415,Okwudiliolisa,805,Germany,Male,56,6,151802.29,1,1,0,46791.09,1
7091,7092,15763108,Davis,600,Germany,Male,53,7,106261.63,1,1,0,93629.66,1
7096,7097,15787693,Kharlamov,559,Spain,Male,38,3,145874.35,1,1,0,56311.39,1
7098,7099,15642391,Lettiere,621,Germany,Male,51,4,109978.83,1,0,0,177740.58,1
7116,7117,15788776,Landor,588,Germany,Male,49,6,132623.76,3,1,0,36292.94,1
7117,7118,15765257,Meng,564,Spain,Male,31,5,121461.87,1,1,1,20432.09,1
7132,7133,15694666,Thornton,707,Spain,Male,48,8,88441.64,1,1,1,119903.2,1
7152,7153,15737998,Cheng,529,France,Male,46,8,0.0,1,0,0,126511.94,1
7155,7156,15609070,Findlay,515,Germany,Male,45,7,120961.5,3,1,1,39288.11,1
7158,7159,15591010,McDonald,434,Germany,Male,55,8,109339.17,2,1,0,96405.88,1
7209,7210,15788131,Atkins,653,France,Male,47,6,0.0,1,1,0,50695.93,1
7216,7217,15730287,Ugonna,679,France,Male,41,8,147726.98,3,1,0,172749.4,1
7219,7220,15761554,Blackburn,581,France,Male,54,4,89299.81,1,0,0,5558.47,1
7223,7224,15729771,Davide,799,Germany,Male,31,9,154586.92,1,0,1,88604.89,1
7238,7239,15594133,Erskine,697,Spain,Male,62,7,0.0,1,1,0,129188.18,1
7239,7240,15772329,Fiorentino,580,Germany,Male,45,8,103741.14,1,1,0,47428.73,1
7242,7243,15701687,Campbell,664,Spain,Male,44,7,77526.66,3,0,0,57338.56,1
7269,7270,15675926,Ardis,655,Germany,Male,34,7,118028.35,1,1,0,51226.32,1
7281,7282,15735572,Lawrence,629,France,Male,59,9,113657.83,1,1,1,116848.79,1
7291,7292,15611318,Kruglova,599,Spain,Male,33,4,51690.89,1,1,0,111622.76,1
7316,7317,15811690,Bayley,793,Germany,Male,54,2,128966.13,1,0,0,18633.4,1
7317,7318,15734008,Bartlett,727,Germany,Male,59,5,152581.06,1,1,0,71830.1,1
7327,7328,15617065,Pan,650,Spain,Male,42,4,194532.66,1,1,0,171045.31,1
7328,7329,15689786,Massie,850,Germany,Male,56,1,169743.83,1,0,0,155850.4,1
7341,7342,15815095,Burfitt,850,Spain,Male,54,7,108185.81,2,0,0,24093.4,1
7353,7354,15736420,Macdonald,596,France,Male,21,4,210433.08,2,0,1,197297.77,1
7397,7398,15744044,Fiorentini,572,Germany,Male,47,4,99353.42,1,1,0,196549.85,1
7400,7401,15802071,Levi,762,Germany,Male,35,1,117458.51,1,0,1,178361.48,1
7403,7404,15779492,Trevisano,796,Spain,Male,56,6,94231.13,1,0,0,121164.6,1
7424,7425,15625501,Wall,570,Germany,Male,38,1,127201.58,1,1,0,147168.28,1
7425,7426,15640521,Chidumaga,552,Germany,Male,33,3,144962.74,1,1,0,58844.84,1
7448,7449,15593834,Genovese,691,Spain,Male,36,7,129934.64,1,0,0,75664.56,1
7455,7456,15748499,Johnson,550,Germany,Male,33,4,118400.91,1,0,1,13999.64,1
7464,7465,15569682,Leckie,768,Germany,Male,37,9,108308.11,1,1,0,41788.25,1
7474,7475,15799859,Lucchesi,704,France,Male,50,4,165438.26,1,1,0,120770.75,1
7483,7484,15784526,Chen,616,France,Male,44,5,102016.38,1,0,1,178235.37,1
7492,7493,15776545,Napolitani,682,France,Male,28,10,200724.96,1,0,1,82872.64,1
7507,7508,15642001,Lorenzen,576,Germany,Male,44,9,119530.52,1,1,0,119056.68,1
7514,7515,15715907,Onwubiko,699,France,Male,64,9,113109.52,1,1,0,27980.8,1
7517,7518,15771409,McGregor,586,France,Male,58,7,151933.63,1,1,0,162960.05,1
7522,7523,15729718,Stelzer,610,France,Male,41,6,0.0,3,0,0,56118.81,1
7554,7555,15569917,Obijiaku,706,Spain,Male,30,6,87609.68,2,0,0,137674.55,1
7556,7557,15757306,Miller,738,Spain,Male,49,3,0.0,3,1,1,65066.48,1
7564,7565,15759387,McIntosh,598,Germany,Male,38,1,101487.18,1,1,1,75959.1,1
7565,7566,15623369,Clifton,708,France,Male,52,10,105355.81,1,1,0,123.07,1
7566,7567,15732943,Okwuoma,574,Spain,Male,36,4,77967.5,1,1,0,167066.95,1
7567,7568,15750545,Chidiebere,629,France,Male,44,5,0.0,4,0,0,117572.59,1
7570,7571,15791944,Harker,697,France,Male,32,7,175464.85,3,1,0,116442.42,1
7571,7572,15768342,Bolton,718,France,Male,52,8,79475.3,3,1,1,32421.32,1
7580,7581,15781975,Rees,708,France,Male,34,3,0.0,1,0,1,121457.88,1
7661,7662,15701738,Arcuri,612,Germany,Male,44,2,115163.38,1,1,1,97677.52,1
7662,7663,15650591,Calabrese,809,Germany,Male,50,10,118098.62,1,1,1,100720.02,1
7671,7672,15615296,Rice,405,France,Male,39,10,0.0,1,1,0,160810.85,1
7678,7679,15690169,Meng,645,France,Male,31,7,161171.7,2,1,0,12599.94,1
7681,7682,15633608,Black,641,France,Male,33,2,146193.6,2,1,1,55796.83,1
7687,7688,15776494,Siciliano,754,France,Male,61,5,146622.35,1,1,1,41815.22,1
7688,7689,15592412,Sun,713,Germany,Male,45,4,131038.14,1,1,0,74005.04,1
7698,7699,15691513,Dawkins,592,France,Male,60,9,0.0,4,1,1,13614.01,1
7711,7712,15763029,Ch'iu,612,Germany,Male,46,9,161450.03,1,1,1,96961.0,1
7715,7716,15582129,Hsia,517,France,Male,62,1,43772.66,3,1,0,187756.24,1
7724,7725,15673591,Oluchukwu,842,France,Male,44,3,141252.18,4,0,1,128521.16,1
7731,7732,15629273,Lin,638,Germany,Male,42,8,145177.84,1,1,0,193471.74,1
7735,7736,15774936,Liang,543,Germany,Male,41,6,143350.41,1,1,1,192070.16,1
7760,7761,15641860,Bradley,764,Germany,Male,34,6,108760.27,2,1,0,166324.79,1
7773,7774,15679818,Yuan,636,Germany,Male,67,7,136709.35,1,0,1,66753.1,1
7801,7802,15798844,Chijindum,678,France,Male,54,7,128914.97,1,0,0,191746.23,1
7809,7810,15780989,Hajek,579,Spain,Male,43,2,145843.82,1,1,1,198402.37,1
7822,7823,15761018,Tan,581,Germany,Male,50,2,143829.2,2,1,0,181224.24,1
7832,7833,15664849,Colon,573,Spain,Male,46,3,65269.23,1,0,1,189988.65,1
7834,7835,15797165,Bergamaschi,703,France,Male,56,9,0.0,1,0,0,85547.33,1
7837,7838,15678497,Lederer,850,Spain,Male,48,2,0.0,1,1,0,169425.3,1
7851,7852,15651581,Lavrentyev,758,Germany,Male,68,6,112595.85,1,1,0,35865.44,1
7876,7877,15757607,Matveyeva,623,France,Male,45,0,0.0,1,1,0,196533.72,1
7884,7885,15616530,Foran,638,France,Male,36,6,188455.19,1,0,0,47031.4,1
7894,7895,15718281,Muir,706,Germany,Male,67,1,123276.69,2,1,1,86507.88,1
7909,7910,15570931,Grant,620,France,Male,61,5,0.0,1,0,0,31641.52,1
7915,7916,15803538,Douglas,695,Spain,Male,56,1,0.0,3,1,0,187734.49,1
7927,7928,15713426,Hancock,637,Germany,Male,30,1,122185.53,1,1,0,102566.46,1
7937,7938,15775886,Su,670,France,Male,36,3,0.0,1,1,0,140754.19,1
7943,7944,15774250,Gallo,532,France,Male,42,1,159024.71,1,1,0,100982.93,1
7949,7950,15617486,Sullivan,530,France,Male,52,1,106723.28,1,0,0,109960.4,1
7969,7970,15652030,De Bernales,637,Germany,Male,49,2,108204.52,1,1,0,169037.84,1
7974,7975,15722632,Dickson,716,Germany,Male,50,2,119655.77,1,1,1,12944.17,1
7998,7999,15772482,Iloerika,829,Germany,Male,28,3,132405.52,3,1,0,104889.2,1
8003,8004,15595426,Madukwe,603,Spain,Male,57,6,105000.85,2,1,1,87412.24,1
8007,8008,15791513,Manfrin,647,France,Male,41,4,138937.35,1,1,1,101617.64,1
8010,8011,15787756,Nkemdirim,467,Germany,Male,51,10,114514.71,2,1,0,177784.68,1
8018,8019,15616676,Donnelly,632,Germany,Male,23,3,122478.51,1,1,0,147230.77,1
8027,8028,15769412,Atkinson,684,Spain,Male,39,4,207034.96,2,0,0,157694.76,1
8030,8031,15578141,Chien,592,Spain,Male,38,3,0.0,1,1,1,12905.89,1
8042,8043,15785352,Chang,606,France,Male,37,6,82373.94,1,0,0,172526.9,1
8044,8045,15717489,Martin,835,France,Male,23,9,0.0,1,1,0,19793.73,1
8065,8066,15690829,Sandefur,430,Germany,Male,49,3,137115.16,1,1,0,146516.86,1
8071,8072,15688849,Martin,609,France,Male,48,1,108019.27,3,1,1,184524.65,1
8072,8073,15661473,Boni,780,Germany,Male,51,4,126725.25,1,1,0,195259.31,1
8075,8076,15745250,Simpson,850,France,Male,58,8,156652.13,1,0,0,25899.21,1
8103,8104,15740223,Walton,479,Germany,Male,51,1,107714.74,3,1,0,86128.21,1
8105,8106,15635116,Burgos,659,Spain,Male,60,2,0.0,1,1,0,177480.45,1
8119,8120,15586236,Banks,704,France,Male,31,5,132084.66,3,1,1,54474.48,1
8126,8127,15602647,Cunningham,729,Germany,Male,39,6,127415.85,1,1,1,184977.2,1
8127,8128,15623063,Taylor,651,Germany,Male,35,8,110067.71,1,1,0,127678.95,1
8137,8138,15603096,Lori,410,France,Male,33,6,125789.69,1,0,0,66333.56,1
8154,8155,15791533,Ch'ien,367,Spain,Male,42,6,93608.28,1,1,0,168816.73,1
8163,8164,15572050,Yefimov,768,Germany,Male,48,3,122831.58,1,1,1,24533.89,1
8170,8171,15641366,Y?an,599,Germany,Male,61,1,124737.96,1,0,1,90389.61,1
8200,8201,15577359,Bezrukov,767,Spain,Male,47,5,0.0,1,1,0,121964.46,1
8212,8213,15621004,Chukwuhaenye,603,France,Male,32,7,0.0,1,1,0,198055.94,1
8220,8221,15727177,Manfrin,557,France,Male,42,6,177822.03,1,1,0,150944.31,1
8221,8222,15774358,Robertson,443,Germany,Male,59,4,110939.3,1,1,0,72846.58,1
8231,8232,15670528,Franz,787,Germany,Male,43,0,132217.45,1,1,0,20955.03,1
8234,8235,15677796,Becher,766,Germany,Male,47,9,129289.98,1,1,0,169935.46,1
8240,8241,15708504,Wong,790,Germany,Male,50,8,121438.58,1,1,1,176471.78,1
8253,8254,15746515,Greece,750,France,Male,36,7,136492.92,3,1,1,26500.29,1
8301,8302,15766017,Brookman,615,Germany,Male,58,3,72309.3,1,1,1,85687.09,1
8305,8306,15605698,Harrison,746,France,Male,58,3,0.0,3,1,1,80344.96,1
8311,8312,15589698,De Luca,555,Germany,Male,42,6,107104.5,1,1,1,41304.44,1
8344,8345,15712813,Nevzorova,520,Germany,Male,43,3,150805.17,3,0,1,25333.03,1
8349,8350,15611729,Kerr,703,Germany,Male,39,1,141559.5,1,1,1,31257.1,1
8363,8364,15677336,Aitken,557,Germany,Male,57,1,120043.13,1,1,0,132370.75,1
8369,8370,15632882,Konovalova,684,Germany,Male,37,1,126817.13,2,1,1,29995.83,1
8376,8377,15704657,Denman,601,France,Male,39,3,72647.64,1,1,0,41777.9,1
8379,8380,15745266,Norman,434,Spain,Male,55,6,0.0,1,0,1,73562.05,1
8392,8393,15641158,Belcher,739,Germany,Male,32,3,102128.27,1,1,0,63981.37,1
8393,8394,15752507,K?,769,Germany,Male,60,9,148846.39,1,1,0,192831.67,1
8397,8398,15720155,Tao,630,Germany,Male,29,6,131354.39,1,0,1,9324.31,1
8401,8402,15663134,Uspenskaya,535,Spain,Male,58,1,0.0,2,1,1,11779.98,1
8402,8403,15766683,Coombes,549,Germany,Male,36,6,139422.37,1,0,0,83983.39,1
8412,8413,15575147,Wall,699,France,Male,22,9,99339.0,1,1,0,68297.61,1
8423,8424,15706799,Macknight,719,Spain,Male,44,4,0.0,1,0,0,84972.9,1
8424,8425,15775703,Lo,702,France,Male,26,2,71281.29,1,1,1,108747.12,1
8432,8433,15582519,Seleznyov,479,France,Male,47,6,121797.09,1,0,1,5811.9,1
8434,8435,15755330,Forbes,512,Germany,Male,41,7,122403.24,1,0,1,37439.9,1
8448,8449,15717191,Ferri,508,France,Male,49,1,93817.41,2,1,1,132468.76,1
8463,8464,15661162,Akabueze,526,Spain,Male,49,2,0.0,1,1,0,114539.67,1
8471,8472,15612478,Somadina,525,France,Male,51,10,0.0,3,1,0,171045.35,1
8475,8476,15574830,Townsley,633,Germany,Male,58,2,128137.42,2,1,0,147635.33,1
8477,8478,15685947,Henderson,556,Germany,Male,42,0,115915.53,2,0,1,125435.47,1
8490,8491,15585985,Wang,746,France,Male,48,5,165282.42,1,1,0,153786.46,1
8495,8496,15801436,K'ung,696,France,Male,42,4,0.0,1,0,0,126353.13,1
8504,8505,15743245,Agafonova,624,France,Male,42,3,145155.37,1,1,0,72169.95,1
8518,8519,15677288,Geach,599,France,Male,50,3,121159.65,1,0,0,4033.39,1
8531,8532,15663987,Wright,723,Spain,Male,30,1,0.0,3,1,0,164647.72,1
8535,8536,15754940,Descoteaux,597,Spain,Male,43,2,85162.26,1,0,1,5104.08,1
8543,8544,15702601,Wyatt,680,Germany,Male,30,4,108300.27,2,0,1,44384.57,1
8562,8563,15647292,Peng,697,France,Male,63,7,148368.02,1,0,0,118862.08,1
8563,8564,15728838,Leach,578,France,Male,45,1,148600.91,1,1,0,143397.14,1
8577,8578,15569976,Woronoff,754,Germany,Male,65,1,136186.44,1,1,1,121529.59,1
8600,8601,15755405,Hudson,710,France,Male,43,9,128284.45,1,1,0,32996.89,1
8625,8626,15581893,Ginikanwa,747,France,Male,43,1,130788.71,1,0,1,101495.0,1
8626,8627,15672447,Bailey,657,Germany,Male,40,7,99165.84,1,0,1,119333.95,1
8635,8636,15608701,Chialuka,651,Germany,Male,29,3,121890.06,1,1,0,54530.51,1
8636,8637,15582892,Scott,601,France,Male,46,2,99786.07,1,1,1,32683.88,1
8657,8658,15684316,Udokamma,532,France,Male,43,9,0.0,2,0,0,190573.91,1
8674,8675,15719426,Cole,529,France,Male,67,8,103101.56,2,1,1,154002.02,1
8679,8680,15753092,He,791,Germany,Male,35,5,129828.58,1,1,1,181918.26,1
8680,8681,15782939,Storey,747,France,Male,42,4,80214.36,1,1,0,115241.96,1
8688,8689,15778418,Burns,637,Germany,Male,40,9,154309.67,1,1,1,125334.16,1
8718,8719,15627298,Vinogradova,589,France,Male,37,7,85146.48,2,1,0,86490.09,1
8723,8724,15803202,Onyekachi,350,France,Male,51,10,0.0,1,1,1,125823.79,1
8726,8727,15570289,Benson,697,Germany,Male,43,8,103409.16,1,1,0,66893.28,1
8733,8734,15714241,Haddon,749,Spain,Male,42,9,222267.63,1,0,0,101108.85,1
8761,8762,15738088,Parkin,634,Spain,Male,63,10,0.0,2,1,0,30772.86,1
8763,8764,15665159,Brooks,727,France,Male,61,0,128213.96,2,1,1,188729.08,1
8768,8769,15677310,Christie,761,Germany,Male,62,5,98854.34,1,0,0,86920.97,1
8780,8781,15669782,Chu,820,Germany,Male,39,9,111336.89,1,1,0,16770.31,1
8783,8784,15617052,Watson,782,France,Male,34,9,0.0,1,1,0,183021.06,1
8795,8796,15716608,Walker,651,Spain,Male,38,2,0.0,3,1,0,67029.82,1
8815,8816,15710034,T'ao,637,Germany,Male,43,1,135645.29,2,0,1,101382.86,1
8837,8838,15809736,Steigrad,664,France,Male,46,2,0.0,1,1,1,177423.02,1
8838,8839,15731148,Isayeva,558,France,Male,33,0,108477.49,1,1,1,109096.71,1
8853,8854,15800031,Laura,681,France,Male,43,3,66338.68,1,1,1,18772.5,1
8862,8863,15769246,Lo Duca,813,Germany,Male,59,2,135078.41,1,1,0,187636.06,1
8863,8864,15781129,Montgomery,687,Spain,Male,38,8,69434.4,2,1,1,66580.13,1
8870,8871,15789560,Clark,668,France,Male,42,8,187534.79,1,1,1,32900.41,1
8876,8877,15712807,Robertson,556,Spain,Male,46,3,131764.96,1,1,1,108500.66,1
8878,8879,15675794,Hsing,645,Germany,Male,47,9,152076.93,1,1,0,121840.2,1
8880,8881,15603764,Chang,560,France,Male,49,4,0.0,1,1,1,100075.1,1
8887,8888,15768233,Chukwuebuka,435,Germany,Male,37,8,114346.3,1,0,1,980.93,1
8897,8898,15740442,May,603,France,Male,51,8,186825.57,1,1,0,93739.71,1
8904,8905,15737735,Grant,683,Spain,Male,40,4,95053.1,1,1,1,116816.54,1
8915,8916,15804962,Nnaife,606,France,Male,36,1,155655.46,1,1,1,192387.51,1
8936,8937,15722991,McGregor,567,France,Male,54,9,96402.96,1,0,0,52035.29,1
8948,8949,15662501,Ebelechukwu,583,France,Male,48,3,91246.53,1,1,0,60017.46,1
8953,8954,15592925,Giordano,711,Spain,Male,42,3,177626.77,3,0,1,16392.72,1
8954,8955,15581626,Mancini,664,France,Male,54,8,0.0,1,1,1,162719.69,1
8955,8956,15641319,Afanasyeva,518,Spain,Male,50,4,0.0,1,0,0,107112.25,1
8963,8964,15796993,McCollum,741,France,Male,52,1,171236.3,2,0,0,21834.4,1
9008,9009,15776936,Whitworth,475,France,Male,40,7,160818.08,1,0,1,169642.13,1
9030,9031,15799635,Arbour,577,Spain,Male,51,2,108867.0,1,0,0,140800.66,1
9037,9038,15792862,Blinova,653,Germany,Male,41,1,104584.11,1,1,0,15126.32,1
9044,9045,15653347,Chiu,560,Spain,Male,47,1,0.0,1,0,0,128882.66,1
9045,9046,15749951,Sacco,766,Germany,Male,27,5,126285.73,1,1,0,177614.17,1
9055,9056,15645323,Chinwenma,630,France,Male,55,2,0.0,1,1,1,106202.07,1
9062,9063,15753110,McKay,720,Spain,Male,64,3,45752.78,2,1,0,79623.28,1
9075,9076,15635942,Thomson,576,France,Male,40,9,0.0,2,1,0,112465.19,1
9078,9079,15705448,Gilbert,647,Germany,Male,52,7,130013.12,1,1,1,190806.36,1
9092,9093,15736250,Johnstone,781,France,Male,38,2,117810.79,1,0,1,65632.33,1
9106,9107,15663650,Russell,698,Germany,Male,52,10,107304.39,3,1,0,28806.32,1
9125,9126,15604138,Iheanacho,749,Spain,Male,34,2,0.0,1,0,0,174189.04,1
9126,9127,15666095,Costa,753,Spain,Male,51,4,79811.72,2,0,1,68260.27,1
9127,9128,15643487,Sal,630,Spain,Male,39,10,105473.74,1,0,0,58854.88,1
9138,9139,15771668,Henderson,578,France,Male,59,10,185966.64,1,0,0,9445.42,1
9153,9154,15636977,Trevisan,507,Germany,Male,36,9,118214.32,3,1,0,119110.03,1
9162,9163,15606097,Zakharov,665,Germany,Male,63,7,104469.58,1,1,1,25165.36,1
9173,9174,15653572,Thornton,673,Spain,Male,43,8,127132.96,1,0,1,6009.27,1
9195,9196,15710315,Chukwukadibia,529,Germany,Male,29,4,135759.4,1,0,0,112813.79,1
9203,9204,15774401,Chambers,773,Spain,Male,51,4,0.0,2,0,0,123587.83,1
9210,9211,15792650,Watts,382,Spain,Male,36,0,0.0,1,1,1,179540.73,1
9220,9221,15600399,Trentino,598,France,Male,60,4,0.0,1,1,0,197727.14,1
9234,9235,15766044,Cameron,642,Germany,Male,49,4,120688.61,1,1,0,24770.22,1
9237,9238,15655175,Wallace,740,Germany,Male,40,4,114318.78,2,1,0,129333.69,1
9276,9277,15623989,Griffin,435,France,Male,54,3,0.0,1,1,0,156910.46,1
9299,9300,15766826,North,824,France,Male,26,7,146266.0,1,1,0,21903.62,1
9311,9312,15608381,Dean,585,Germany,Male,50,2,125845.66,1,1,0,9439.31,1
9316,9317,15766355,Lettiere,550,Germany,Male,49,0,108806.96,3,1,0,61446.92,1
9317,9318,15585249,Mironova,741,France,Male,42,6,106036.52,1,1,0,194686.78,1
9321,9322,15686099,Ruse,563,Spain,Male,61,1,82182.1,1,1,0,106826.92,1
9323,9324,15815316,Kennedy,644,France,Male,50,9,76817.0,4,1,0,196371.13,1
9326,9327,15601787,Greco,641,Germany,Male,35,2,103711.56,1,0,1,192464.21,1
9356,9357,15734711,Loggia,373,France,Male,42,7,0.0,1,1,0,77786.37,1
9359,9360,15606944,Fleming,645,Germany,Male,43,9,140121.17,1,1,0,11302.7,1
9370,9371,15732438,Cheng,561,France,Male,43,4,0.0,4,0,0,18522.91,1
9375,9376,15641389,Shen,659,Germany,Male,48,4,123593.22,2,1,0,82469.06,1
9393,9394,15686060,Chou,670,Germany,Male,43,9,111677.88,1,1,0,178827.3,1
9405,9406,15807900,Chineze,575,France,Male,36,7,0.0,1,1,1,55868.97,1
9438,9439,15641175,Munro,701,Germany,Male,63,3,120916.52,3,0,0,144727.45,1
9440,9441,15584156,Siciliani,593,Spain,Male,27,10,0.0,3,0,0,94620.0,1
9443,9444,15687001,Chiemenam,596,Germany,Male,54,1,123544.0,1,1,1,120314.75,1
9451,9452,15571586,Briggs,524,Spain,Male,29,3,159035.45,1,1,0,2705.31,1
9466,9467,15592716,Clarke,559,France,Male,52,2,0.0,1,1,0,129013.59,1
9473,9474,15690733,Angelo,608,Spain,Male,45,4,0.0,2,0,0,36697.48,1
9482,9483,15599211,Findlay,707,France,Male,40,1,0.0,2,1,0,14090.4,1
9494,9495,15688951,Stoneman,789,Germany,Male,43,8,119654.44,2,0,1,148412.24,1
9513,9514,15566378,Tillman,515,France,Male,48,5,129387.94,1,0,1,147955.91,1
9539,9540,15590337,Golubov,659,France,Male,29,6,123192.12,1,1,1,56971.41,1
9540,9541,15634551,Williamson,727,Germany,Male,46,3,115248.11,4,1,0,130752.01,1
9556,9557,15780909,Caffyn,769,Germany,Male,34,7,115101.5,1,0,0,57841.89,1
9558,9559,15801411,Green,623,Spain,Male,46,4,0.0,1,1,0,5549.11,1
9560,9561,15658409,Mao,686,France,Male,41,5,128876.71,3,1,1,106939.34,1
9566,9567,15743193,Olson,644,France,Male,37,6,117271.8,2,1,0,104217.96,1
9572,9573,15641688,Collier,644,Spain,Male,18,7,0.0,1,0,1,59645.24,1
9584,9585,15608588,Mackinlay,563,Germany,Male,41,2,100520.92,1,1,1,19412.8,1
9613,9614,15737025,Roberts,635,France,Male,33,1,0.0,3,0,0,178067.33,1
9646,9647,15603111,Muir,850,Spain,Male,71,10,69608.14,1,1,0,97893.4,1
9677,9678,15566531,Iloerika,724,Germany,Male,33,4,88046.88,1,0,1,186942.49,1
9697,9698,15609735,Campbell,533,Germany,Male,51,6,127545.56,2,0,0,79559.02,1
9716,9717,15706458,Pan,812,Germany,Male,39,5,115730.71,3,1,1,185599.34,1
9718,9719,15704053,T'ang,710,Spain,Male,62,3,131078.42,2,1,0,119348.76,1
9738,9739,15664547,Black,760,France,Male,37,7,0.0,1,0,0,32863.24,1
9744,9745,15785358,Gresswell,586,Germany,Male,46,8,106968.96,1,1,1,79366.98,1
9748,9749,15680201,Marcelo,627,Germany,Male,24,5,102773.2,2,1,0,56793.02,1
9768,9769,15644994,Ko,714,Germany,Male,54,4,137986.58,2,0,1,51308.54,1
9770,9771,15659327,Moffitt,520,France,Male,49,5,121197.64,1,1,0,72577.33,1
9784,9785,15687626,Zhirov,527,France,Male,39,4,0.0,2,1,0,167183.07,1
9799,9800,15722731,Manna,653,France,Male,46,0,119556.1,1,1,0,78250.13,1
9819,9820,15813946,Duffy,637,Germany,Male,51,1,104682.83,1,1,0,55266.96,1
9825,9826,15701936,Bell,467,Germany,Male,28,10,126315.26,1,1,0,32349.29,1
9838,9839,15616367,Ricci,581,Germany,Male,39,1,121523.51,1,0,0,161655.55,1
9852,9853,15718765,Maclean,501,Spain,Male,43,6,104533.24,1,0,0,81123.59,1
9858,9859,15619514,Bull,507,Germany,Male,40,3,120105.43,1,1,0,92075.01,1
9859,9860,15615430,Adams,678,Germany,Male,55,4,129646.91,1,1,1,184125.1,1
9879,9880,15669414,Pisano,486,Germany,Male,62,9,118356.89,2,1,0,168034.83,1
9882,9883,15785490,Okeke,771,France,Male,50,3,105229.72,1,1,1,16281.68,1
9898,9899,15746569,Tsui,589,France,Male,38,4,0.0,1,1,0,95483.48,1
9905,9906,15784124,Emenike,645,Germany,Male,41,2,93925.3,1,1,0,123982.14,1
9910,9911,15784042,L?,624,France,Male,55,7,118793.6,1,1,1,95022.02,1
9917,9918,15755731,Davis,635,Germany,Male,53,8,117005.55,1,0,1,123646.57,1
9947,9948,15732202,Abramovich,615,France,Male,34,1,83503.11,2,1,1,73124.53,1
9962,9963,15594612,Flynn,702,Spain,Male,44,9,0.0,1,0,0,59207.41,1
9975,9976,15666295,Smith,610,Germany,Male,50,1,113957.01,2,1,0,196526.55,1
9981,9982,15672754,Burbidge,498,Germany,Male,42,3,152039.7,1,1,1,53445.17,1
9998,9999,15682355,Sabbatini,772,Germany,Male,42,3,75075.31,2,1,0,92888.52,1
